year,week,max_price,min_price,avg_price,date,keyword,SVI,log_SVI,ASVI
2008,52,104.59660339355469,101.51322937011719,103.26838684082031,2008-12-28,MTK,0,-Inf,NA
2009,1,122.14795684814453,104.59660339355469,113.31298446655273,2009-01-04,MTK,0,-Inf,NA
2009,10,141.83395385742188,138.51344299316406,140.4108673095703,2009-03-08,MTK,0,-Inf,NA
2009,11,147.28909301757812,143.73135375976562,145.29677124023436,2009-03-15,MTK,82,4.406719247264253,Inf
2009,12,161.0455322265625,142.78268432617188,149.6608856201172,2009-03-22,MTK,0,-Inf,NA
2009,13,158.1993865966797,148.71217346191406,152.98143005371094,2009-03-29,MTK,0,-Inf,NA
2009,14,152.03271484375,139.22496032714844,146.1980712890625,2009-04-05,MTK,0,-Inf,NA
2009,15,153.45578002929688,146.5775604248047,149.47115478515624,2009-04-12,MTK,0,-Inf,NA
2009,16,153.21861267089844,147.5262908935547,150.32501220703125,2009-04-19,MTK,0,-Inf,NA
2009,17,155.59039306640625,147.5262908935547,151.22629089355468,2009-04-26,MTK,0,-Inf,NA
2009,18,192.1162109375,163.41737365722656,179.30846786499023,2009-05-03,MTK,0,-Inf,NA
2009,19,189.98158264160156,180.49436950683594,185.99695739746093,2009-05-10,MTK,0,-Inf,NA
2009,2,125.23130798339844,115.26972198486328,118.96973266601563,2009-01-11,MTK,0,-Inf,NA
2009,20,191.16746520996094,180.73155212402344,185.61747131347656,2009-05-17,MTK,0,-Inf,NA
2009,21,197.57135009765625,187.37258911132812,191.2149169921875,2009-05-24,MTK,0,-Inf,NA
2009,22,193.539306640625,193.06495666503906,193.22307332356772,2009-05-31,MTK,0,-Inf,NA
2009,23,193.06495666503906,181.2059326171875,187.46747741699218,2009-06-07,MTK,0,-Inf,NA
2009,24,184.5264129638672,166.500732421875,174.70715942382813,2009-06-14,MTK,0,-Inf,NA
2009,25,183.34051513671875,174.5648193359375,179.26101379394532,2009-06-21,MTK,0,-Inf,NA
2009,26,189.2700653076172,180.49436950683594,185.28541870117186,2009-06-28,MTK,0,-Inf,NA
2009,27,211.09063720703125,192.3533935546875,200.13290710449218,2009-07-05,MTK,0,-Inf,NA
2009,28,211.56503295898438,201.8406219482422,206.67909545898436,2009-07-12,MTK,0,-Inf,NA
2009,29,221.7926483154297,212.27658081054688,218.3682891845703,2009-07-19,MTK,0,-Inf,NA
2009,3,118.59027099609375,111.47483825683594,114.74793701171875,2009-01-18,MTK,0,-Inf,NA
2009,30,234.3052978515625,216.14968872070312,223.65728454589845,2009-07-26,MTK,0,-Inf,NA
2009,31,237.49478149414062,222.28330993652344,231.36112365722656,2009-08-02,MTK,0,-Inf,NA
2009,32,245.3458709716797,232.09718322753906,239.4575653076172,2009-08-09,MTK,43.31,3.7683835552265355,Inf
2009,33,244.85519409179688,231.60647583007812,236.36618041992188,2009-08-16,MTK,0,-Inf,NA
2009,34,234.0599365234375,224.24609375,228.1225830078125,2009-08-23,MTK,0,-Inf,NA
2009,35,250.7434539794922,226.94493103027344,238.4271026611328,2009-08-30,MTK,0,-Inf,NA
2009,36,259.5758972167969,242.89239501953125,251.92111206054688,2009-09-06,MTK,0,-Inf,NA
2009,37,250.2527618408203,241.42030334472656,246.32723388671874,2009-09-13,MTK,0,-Inf,NA
2009,38,252.70619201660156,245.8365478515625,249.07510986328126,2009-09-20,MTK,0,-Inf,NA
2009,39,263.0107116699219,248.7807159423828,253.00062866210936,2009-09-27,MTK,0,-Inf,NA
2009,40,263.0107116699219,251.72479248046875,258.2019409179687,2009-10-04,MTK,0,-Inf,NA
2009,41,249.2713623046875,240.68431091308594,245.98375854492187,2009-10-11,MTK,0,-Inf,NA
2009,42,258.59454345703125,251.23419189453125,254.47271728515625,2009-10-18,MTK,46,3.828641396489095,Inf
2009,43,242.15638732910156,229.1530303955078,233.22576599121095,2009-10-25,MTK,0,-Inf,NA
2009,44,240.19358825683594,228.17164611816406,235.2866638183594,2009-11-01,MTK,0,-Inf,NA
2009,45,252.70619201660156,234.3052978515625,241.46937561035156,2009-11-08,MTK,0,-Inf,NA
2009,46,255.15965270996094,247.79930114746094,250.35087890625,2009-11-15,MTK,0,-Inf,NA
2009,47,259.5758972167969,250.7434539794922,255.15965881347657,2009-11-22,MTK,52.44,3.959669658895499,Inf
2009,48,253.68759155273438,247.3086395263672,250.056494140625,2009-11-29,MTK,42.32,3.7452597875500437,Inf
2009,49,260.5572814941406,246.81790161132812,254.86526184082032,2009-12-06,MTK,0,-Inf,NA
2009,5,119.53897857666016,116.69282531738281,118.2740249633789,2009-02-01,MTK,80.96,4.3939552055391555,NA
2009,50,257.61309814453125,254.17831420898438,256.2391876220703,2009-12-13,MTK,0,-Inf,NA
2009,51,264.9735107421875,259.0852355957031,261.1461181640625,2009-12-20,MTK,0,-Inf,NA
2009,52,272.33392333984375,265.95489501953125,268.11394653320315,2009-12-27,MTK,0,-Inf,NA
2009,6,134.24417114257812,116.69282531738281,126.4172119140625,2009-02-08,MTK,0,-Inf,NA
2009,7,138.03904724121094,129.26339721679688,133.9595489501953,2009-02-15,MTK,0,-Inf,NA
2009,8,138.51344299316406,133.29542541503906,136.9480224609375,2009-02-22,MTK,55.2,4.01096295328305,Inf
2009,9,144.2057647705078,138.03904724121094,140.60061645507812,2009-03-01,MTK,0,-Inf,NA
2010,1,282.14776611328125,275.278076171875,278.59022521972656,2010-01-03,MTK,0,-Inf,NA
2010,10,267.91766357421875,249.7620391845703,260.3610076904297,2010-03-07,MTK,0,-Inf,NA
2010,11,268.4083557128906,260.0665588378906,263.79584350585935,2010-03-14,MTK,0,-Inf,NA
2010,12,264.48284912109375,254.66900634765625,259.37961730957034,2010-03-21,MTK,0,-Inf,NA
2010,13,277.7315368652344,269.88043212890625,273.31529541015624,2010-03-28,MTK,0,-Inf,NA
2010,14,279.69427490234375,269.88043212890625,275.6460647583008,2010-04-04,MTK,0,-Inf,NA
2010,15,273.31524658203125,266.936279296875,270.46925659179686,2010-04-11,MTK,0,-Inf,NA
2010,16,274.787353515625,257.61309814453125,266.1511657714844,2010-04-18,MTK,0,-Inf,NA
2010,17,284.1104736328125,269.88043212890625,278.4184631347656,2010-04-25,MTK,0,-Inf,NA
2010,18,264.9735107421875,257.1224060058594,262.12749633789065,2010-05-02,MTK,0,-Inf,NA
2010,19,261.5386962890625,256.1410827636719,258.5945251464844,2010-05-09,MTK,0,-Inf,NA
2010,2,281.1663513183594,268.4083557128906,273.413427734375,2010-01-10,MTK,0,-Inf,NA
2010,20,257.61309814453125,246.81790161132812,253.09874572753907,2010-05-16,MTK,0,-Inf,NA
2010,21,250.7434539794922,241.17498779296875,245.29678955078126,2010-05-23,MTK,35.88,3.5801800371905954,Inf
2010,22,262.52001953125,252.21551513671875,255.55221557617188,2010-05-30,MTK,0,-Inf,NA
2010,23,258.59454345703125,252.70619201660156,254.47269287109376,2010-06-06,MTK,0,-Inf,NA
2010,24,255.6503448486328,245.8365478515625,252.09284210205078,2010-06-13,MTK,0,-Inf,NA
2010,25,248.7807159423828,243.38307189941406,246.81793823242188,2010-06-20,MTK,0,-Inf,NA
2010,26,236.513427734375,216.8856964111328,226.061669921875,2010-06-27,MTK,0,-Inf,NA
2010,27,222.77406311035156,208.78932189941406,217.91618957519532,2010-07-04,MTK,0,-Inf,NA
2010,28,233.07855224609375,226.94493103027344,229.64372863769532,2010-07-11,MTK,0,-Inf,NA
2010,29,230.1343994140625,222.28330993652344,227.28839416503905,2010-07-18,MTK,0,-Inf,NA
2010,3,287.5453186035156,269.88043212890625,281.2644836425781,2010-01-17,MTK,0,-Inf,NA
2010,30,237.0041046142578,225.62205505371094,232.4662292480469,2010-07-25,MTK,41.6,3.728100167267218,Inf
2010,31,231.69850158691406,227.47137451171875,230.21903076171876,2010-08-01,MTK,36.9,3.6082115510464816,Inf
2010,32,244.64404296875,234.868896484375,240.36409606933594,2010-08-08,MTK,34.44,3.53921867955953,Inf
2010,33,243.0588836669922,240.94532775878906,242.10777587890624,2010-08-15,MTK,0,-Inf,NA
2010,34,239.36013793945312,227.73561096191406,234.28763732910156,2010-08-22,MTK,0,-Inf,NA
2010,35,235.13307189941406,230.11337280273438,231.54003295898437,2010-08-29,MTK,0,-Inf,NA
2010,36,252.04151916503906,243.85147094726562,248.60696411132812,2010-09-05,MTK,32.86,3.492256112609122,Inf
2010,37,256.2685852050781,250.9846649169922,252.88689575195312,2010-09-12,MTK,23.56,3.159550358783386,Inf
2010,38,252.83409118652344,245.7008056640625,249.53164291381836,2010-09-19,MTK,0,-Inf,-Inf
2010,39,240.15274047851562,231.96270751953125,236.77105407714845,2010-09-26,MTK,30.38,3.4137844971676268,Inf
2010,4,258.10382080078125,253.19688415527344,256.1410675048828,2010-01-24,MTK,0,-Inf,NA
2010,40,237.2466278076172,217.96038818359375,223.9840515136719,2010-10-03,MTK,0,-Inf,NA
2010,41,216.6394500732422,211.88400268554688,214.5259002685547,2010-10-10,MTK,0,-Inf,NA
2010,42,207.39263916015625,198.67422485351562,203.53539428710937,2010-10-17,MTK,0,-Inf,NA
2010,43,208.71359252929688,202.3729248046875,205.96597900390626,2010-10-24,MTK,26.6,3.2809112157876537,Inf
2010,44,212.41232299804688,203.4296875,207.2341094970703,2010-10-31,MTK,30.1,3.40452517175483,Inf
2010,45,209.24200439453125,201.31613159179688,203.58822326660157,2010-11-07,MTK,37.05,3.6122683517420957,Inf
2010,46,203.4296875,199.73098754882812,201.47467346191405,2010-11-14,MTK,0,-Inf,NA
2010,47,211.35556030273438,202.10874938964844,208.6607696533203,2010-11-21,MTK,0,-Inf,NA
2010,48,210.2987518310547,206.3358612060547,208.18519897460936,2010-11-28,MTK,0,-Inf,NA
2010,49,225.0936279296875,221.65916442871094,223.56133117675782,2010-12-05,MTK,0,-Inf,NA
2010,5,255.15965270996094,244.3644256591797,249.95832214355468,2010-01-31,MTK,0,-Inf,NA
2010,50,227.73561096191406,220.8665313720703,224.61810607910155,2010-12-12,MTK,0,-Inf,NA
2010,51,229.32077026367188,226.4146270751953,227.8412841796875,2010-12-19,MTK,0,-Inf,NA
2010,52,223.77272033691406,215.31849670410156,218.54165344238282,2010-12-26,MTK,0,-Inf,NA
2010,6,254.17831420898438,248.2899932861328,251.11148834228516,2010-02-07,MTK,44.5,3.7954891891721947,Inf
2010,8,262.0293884277344,248.7807159423828,257.3678092956543,2010-02-21,MTK,0,-Inf,NA
2010,9,257.61309814453125,247.79930114746094,253.00062255859376,2010-02-28,MTK,0,-Inf,NA
2011,1,221.92332458496094,206.0716552734375,217.06214904785156,2011-01-02,MTK,26.6,3.2809112157876537,Inf
2011,10,183.8793182373047,175.4250946044922,180.60330200195312,2011-03-06,MTK,0,-Inf,NA
2011,11,183.08673095703125,168.29188537597656,176.85175170898438,2011-03-13,MTK,18.76,2.9317269435780786,Inf
2011,12,183.8793182373047,180.18060302734375,182.02996215820312,2011-03-20,MTK,0,-Inf,-Inf
2011,13,181.2373504638672,177.27447509765625,179.44086303710938,2011-03-27,MTK,15.41,2.7350166493320245,Inf
2011,14,185.46450805664062,184.67189025878906,185.024169921875,2011-04-03,MTK,20.3,3.0106208860477417,0.22945575041721566
2011,15,187.04965209960938,177.53866577148438,182.02996520996095,2011-04-10,MTK,28.7,3.3568971227655755,0.5757319871350495
2011,16,169.08444213867188,162.74374389648438,165.12152099609375,2011-04-17,MTK,18.9,2.9391619220655967,0.15799678643507065
2011,17,169.34861755371094,161.42279052734375,165.91409912109376,2011-04-24,MTK,0,-Inf,-Inf
2011,18,183.61514282226562,178.3312225341797,181.8318099975586,2011-05-01,MTK,0,-Inf,-Inf
2011,19,190.2200164794922,184.9361114501953,186.78549194335938,2011-05-08,MTK,0,-Inf,-Inf
2011,2,219.28140258789062,203.4296875,212.88788146972655,2011-01-09,MTK,0,-Inf,NA
2011,20,182.55833435058594,168.02764892578125,176.2705322265625,2011-05-15,MTK,19.95,2.9932291433358724,Inf
2011,21,165.9141082763672,162.47955322265625,163.90621948242188,2011-05-22,MTK,11.4,2.4336133554004498,-0.4034759302983608
2011,22,174.36834716796875,167.499267578125,169.82418518066407,2011-05-29,MTK,0,-Inf,-Inf
2011,23,166.97088623046875,161.68701171875,164.8573341369629,2011-06-05,MTK,0,-Inf,NA
2011,24,160.63021850585938,157.19570922851562,159.46776733398437,2011-06-12,MTK,11.5,2.4423470353692043,Inf
2011,25,169.6128692626953,155.87474060058594,164.54031066894532,2011-06-19,MTK,0,-Inf,NA
2011,26,167.499267578125,163.27215576171875,165.12152709960938,2011-06-26,MTK,15,2.70805020110221,Inf
2011,27,165.9141082763672,160.89439392089844,163.30186157226564,2011-07-03,MTK,17.55,2.865053949911875,Inf
2011,28,155.5218048095703,139.6868438720703,147.60431518554688,2011-07-10,MTK,13.65,2.613739521630969,0.17575932624614188
2011,29,156.65284729003906,141.94898986816406,150.4885467529297,2011-07-17,MTK,14.3,2.6602595372658615,0.2222793418810345
2011,3,212.1481170654297,208.977783203125,210.56296081542968,2011-01-16,MTK,0,-Inf,NA
2011,30,158.91500854492188,146.1904754638672,153.03343200683594,2011-07-24,MTK,22.75,3.1245651453969594,0.596521866896873
2011,31,146.1904754638672,126.67957305908203,138.72543487548828,2011-07-31,MTK,0,-Inf,-Inf
2011,32,149.30091857910156,130.6383056640625,141.948974609375,2011-08-07,MTK,14.1,2.6461747973841225,0.009175267935707332
2011,33,150.71475219726562,142.5145263671875,146.02082214355468,2011-08-14,MTK,11.28,2.423031246069913,-0.23018592125507897
2011,34,165.4186553955078,152.12860107421875,157.72738952636718,2011-08-21,MTK,0,-Inf,-Inf
2011,35,165.9841766357422,163.43927001953125,164.45722045898438,2011-08-28,MTK,9.87,2.28949985344539,-0.34045730606215585
2011,36,161.17710876464844,154.95626831054688,159.19776611328126,2011-09-04,MTK,11.27,2.422144328051685,-0.09624105579875586
2011,37,175.88101196289062,158.06666564941406,165.48931884765625,2011-09-11,MTK,12.25,2.505525936990736,0.08293814992993731
2011,38,196.80575561523438,175.03268432617188,186.28682861328124,2011-09-18,MTK,9.31,2.231089091288976,-0.191498695771823
2011,39,190.8676300048828,173.05332946777344,184.59022216796876,2011-09-25,MTK,10.29,2.331172549845958,-0.024649540902579314
2011,4,214.52584838867188,208.18521118164062,210.61581420898438,2011-01-23,MTK,38,3.6375861597263857,Inf
2011,40,186.62615966796875,175.5982208251953,183.346044921875,2011-10-02,MTK,19.44,2.967332799032293,0.59067436008347185
2011,41,190.30210876464844,180.9708251953125,186.83821868896484,2011-10-09,MTK,10.8,2.379546134130174,0.0028876951813527896
2011,42,191.71597290039062,184.6467742919922,187.9268768310547,2011-10-16,MTK,10.26,2.3282528397426234,-0.027106502245442865
2011,43,194.5435791015625,183.2329559326172,189.11449584960937,2011-10-23,MTK,0,-Inf,-Inf
2011,44,184.36399841308594,175.88101196289062,180.46183166503906,2011-10-30,MTK,11.88,2.474856313934499,0.1194969719464325
2011,45,179.83973693847656,175.03268432617188,178.08658447265626,2011-11-06,MTK,23.46,3.1552968432253294,0.7999375012372631
2011,46,181.536376953125,173.05332946777344,176.27688598632812,2011-11-13,MTK,14.49,2.673458756332591,0.3180994143445246
2011,47,170.2256622314453,154.6735076904297,160.72470397949218,2011-11-20,MTK,0,-Inf,-Inf
2011,48,163.43927001953125,158.06666564941406,160.55504150390624,2011-11-27,MTK,16.56,2.8069901489571136,0.3797889249247772
2011,49,158.63223266601562,145.34217834472656,149.64024047851564,2011-12-04,MTK,0,-Inf,-Inf
2011,50,152.12860107421875,144.21112060546875,148.05675048828124,2011-12-11,MTK,0,-Inf,-Inf
2011,51,159.19775390625,137.7074737548828,148.45261840820314,2011-12-18,MTK,0,-Inf,NA
2011,52,158.91500854492188,155.80455017089844,157.2749481201172,2011-12-25,MTK,11.61,2.4518667957098,Inf
2011,6,194.71128845214844,182.2941436767578,186.58730697631836,2011-02-06,MTK,18.2,2.9014215940827497,Inf
2011,7,185.7286834716797,179.1238250732422,182.7696990966797,2011-02-13,MTK,22.1,3.095577608523707,Inf
2011,8,179.1238250732422,175.16091918945312,176.74608154296874,2011-02-20,MTK,0,-Inf,NA
2011,9,182.55833435058594,173.31153869628906,178.26519775390625,2011-02-27,MTK,16.9,2.8273136219290276,Inf
2012,1,159.4805450439453,143.6455841064453,151.11063232421876,2012-01-01,MTK,14.28,2.658859956911438,Inf
2012,10,179.55699157714844,174.1844024658203,176.6162078857422,2012-03-04,MTK,8.55,2.145931282948669,-0.04995818010961095
2012,11,177.2948455810547,171.3567352294922,173.6188720703125,2012-03-11,MTK,0,-Inf,-Inf
2012,12,173.61886596679688,167.3980255126953,170.73465576171876,2012-03-18,MTK,10.35,2.336986519711378,0.29617452080501794
2012,13,167.3980255126953,154.95626831054688,162.19510192871093,2012-03-25,MTK,7.2,1.9740810260220096,-0.06673097288435037
2012,14,157.783935546875,155.239013671875,156.51147079467773,2012-04-01,MTK,0,-Inf,-Inf
2012,15,158.06666564941406,154.39071655273438,156.4266387939453,2012-04-08,MTK,8.46,2.135349173618132,0.14219226461393442
2012,16,159.4805450439453,147.03878784179688,154.95626220703124,2012-04-15,MTK,6.58,1.884034745337226,-0.15677725356913408
2012,17,148.73538208007812,136.01087951660156,144.66353454589844,2012-04-22,MTK,10.81,2.3804716316511167,0.3587355157269445
2012,18,153.25965881347656,143.08004760742188,149.37160873413086,2012-04-29,MTK,0,-Inf,-Inf
2012,19,154.6735076904297,148.73538208007812,150.48853759765626,2012-05-06,MTK,12,2.4849066497880004,0.5558487641083825
2012,2,155.239013671875,150.99749755859375,153.3162048339844,2012-01-08,MTK,10.71,2.3711778844596574,Inf
2012,20,154.10797119140625,148.1698455810547,150.37543640136718,2012-05-13,MTK,8.64,2.1564025828159643,0.10168748299589359
2012,21,148.45262145996094,143.08004760742188,145.7380615234375,2012-05-20,MTK,12.48,2.5241273629412815,0.46941226312121076
2012,22,154.10797119140625,145.6249542236328,149.30091857910156,2012-05-27,MTK,11.52,2.444084655267745,0.2982087770506969
2012,23,147.321533203125,138.55575561523438,143.75868225097656,2012-06-03,MTK,8.06,2.086913556518537,-0.1815235507150037
2012,24,149.86643981933594,144.21112060546875,146.6994598388672,2012-06-10,MTK,9.3,2.2300144001592104,-0.038422707074330376
2012,25,156.37008666992188,153.25965881347656,155.182470703125,2012-06-17,MTK,24.8,3.2108436531709366,0.9056006372657732
2012,26,158.63223266601562,153.8251953125,155.182470703125,2012-06-24,MTK,16.12,2.7800607370784824,0.4430112093650047
2012,27,155.239013671875,152.12860107421875,154.27762145996093,2012-07-01,MTK,11.76,2.464703942470481,2.0828994260790878e-4
2012,28,155.5218048095703,140.2523651123047,148.00018615722655,2012-07-08,MTK,7.35,1.9947003132247452,-0.45969398564436803
2012,29,147.0008087158203,142.8929901123047,145.2989929199219,2012-07-15,MTK,8.33,2.1198634561787513,-0.33453084269036193
2012,3,148.73538208007812,147.03878784179688,148.16985066731772,2012-01-15,MTK,10.71,2.3711778844596574,Inf
2012,30,142.8929901123047,138.7852020263672,141.36724243164062,2012-07-22,MTK,13.72,2.6188546222977394,0.2818050945842616
2012,31,163.72544860839844,144.9468994140625,155.6272003173828,2012-07-29,MTK,0,-Inf,-Inf
2012,32,166.65957641601562,161.37814331054688,164.78174743652343,2012-08-05,MTK,20.15,3.0032042883926917,0.6558451170778459
2012,33,172.82127380371094,166.9530029296875,170.82608032226562,2012-08-12,MTK,19.5,2.970414465569701,0.428635183185591
2012,34,186.61178588867188,174.87521362304688,179.62853088378907,2012-08-19,MTK,17.55,2.865053949911875,0.3232746675277651
2012,35,187.78546142578125,184.85130310058594,186.67048034667968,2012-08-26,MTK,27.3,3.3068867021909143,0.7651074198068044
2012,36,190.71958923339844,184.2644805908203,188.0201873779297,2012-09-02,MTK,19.5,2.970414465569701,0.22846017946489372
2012,37,198.9352264404297,196.2945098876953,197.87893981933593,2012-09-09,MTK,22.62,3.1188344706879745,0.20110026294718653
2012,38,194.5340118408203,188.6656951904297,191.9519470214844,2012-09-16,MTK,26.52,3.277899165317662,0.307484699747961
2012,39,193.65374755859375,181.62371826171875,189.2525146484375,2012-09-23,MTK,27.3,3.3068867021909143,0.32007732520971777
2012,40,190.71958923339844,183.3842315673828,187.72676696777344,2012-09-30,MTK,34.32,3.5357282746197614,0.47470889507942804
2012,41,191.8932342529297,187.78546142578125,190.20611953735352,2012-10-07,MTK,16.08,2.77757626375082,-0.4207905542519983
2012,42,189.83935546875,184.85130310058594,186.96389465332032,2012-10-14,MTK,19.43,2.9668182633893485,-0.2315485546134699
2012,43,191.59983825683594,186.9052276611328,189.48727111816407,2012-10-21,MTK,18.09,2.895359299407204,-0.3030075185956145
2012,44,193.36033630371094,190.42616271972656,191.36510314941407,2012-10-28,MTK,15.41,2.7350166493320245,-0.3096078187968132
2012,45,190.71958923339844,181.9171600341797,186.02496032714845,2012-11-04,MTK,20.13,3.0022112396517002,-0.04061512738696127
2012,46,188.95909118652344,184.85130310058594,186.96388549804686,2012-11-11,MTK,10.37,2.3389170222414357,-0.6455977292790887
2012,47,187.78546142578125,180.74349975585938,183.50159912109376,2012-11-18,MTK,19.52,2.9714395809849465,0.040350799586670316
2012,48,193.94715881347656,190.13278198242188,191.48247375488282,2012-11-25,MTK,15.25,2.7245795030534206,-0.20650927834485566
2012,49,196.587890625,189.83935546875,192.94954833984374,2012-12-02,MTK,12.8,2.5494451709255714,-0.2870226106534406
2012,5,165.4186553955078,158.06666564941406,161.62955627441406,2012-01-29,MTK,13.77,2.6224923127405635,0.2757095103656222
2012,50,199.8154754638672,186.61178588867188,194.76873168945312,2012-12-09,MTK,17.92,2.8859174075467844,0.07072943317717018
2012,51,198.348388671875,188.372314453125,193.00823669433595,2012-12-16,MTK,15.36,2.731766727719526,-0.07870030071987877
2012,52,190.13278198242188,186.31838989257812,188.78306274414064,2012-12-23,MTK,15.36,2.731766727719526,-0.0016249608062492982
2012,6,165.4186553955078,161.17710876464844,163.43926086425782,2012-02-05,MTK,0,-Inf,-Inf
2012,7,179.55699157714844,171.3567352294922,175.42857055664064,2012-02-12,MTK,0,-Inf,-Inf
2012,8,177.0120849609375,170.7911834716797,173.3926513671875,2012-02-19,MTK,7.48,2.012232791986386,-0.35894509247327155
2012,9,178.14312744140625,170.2256622314453,173.33609517415366,2012-02-26,MTK,7.92,2.0693912058263346,-0.2773915965486067
2013,1,191.30642700195312,176.92910766601562,184.5578842163086,2013-01-06,MTK,19.75,2.9831534913471307,0.2549803759606575
2013,10,205.39035034179688,203.0430145263672,203.9232635498047,2013-03-10,MTK,29.44,3.3823542938606757,0.5312294769661738
2013,11,208.32449340820312,198.6417999267578,203.101708984375,2013-03-17,MTK,17.92,2.8859174075467844,0.03479259065228257
2013,12,199.5220489501953,194.827392578125,197.46814575195313,2013-03-24,MTK,15.36,2.731766727719526,-0.03179092311105114
2013,13,200.98915100097656,199.5220489501953,200.16757202148438,2013-03-31,MTK,12.16,2.498151876538021,-0.18833043437892716
2013,14,208.91131591796875,204.2166748046875,206.17278035481772,2013-04-07,MTK,19.6,2.975529566236472,0.37981756122496524
2013,15,206.85745239257812,198.05494689941406,203.74721069335936,2013-04-14,MTK,17.5,2.8622008809294686,0.17571857001252056
2013,16,213.0191192626953,199.8154754638672,205.91849060058593,2013-04-21,MTK,16.8,2.8213788864092133,0.02439508208471608
2013,17,214.19277954101562,208.32449340820312,212.25625,2013-04-28,MTK,18.9,2.9391619220655967,0.09737203839625597
2013,18,218.59400939941406,211.25865173339844,214.92632675170898,2013-05-05,MTK,19.72,2.9816333491744893,0.10757420493636305
2013,19,220.64791870117188,216.54006958007812,218.30057373046876,2013-05-12,MTK,14.96,2.7053799725463312,-0.16867917169179503
2013,2,184.2644805908203,177.5159454345703,182.26925964355468,2013-01-13,MTK,22.12,3.096482176654134,0.36471544893460806
2013,20,222.4084014892578,215.366455078125,219.0047821044922,2013-05-19,MTK,17.68,2.8724340572094973,0.030644173540156583
2013,21,224.16888427734375,211.25865173339844,217.4203369140625,2013-05-26,MTK,18.36,2.9101743851923443,0.04285691612286158
2013,22,218.30059814453125,212.13888549804688,214.60355529785156,2013-06-02,MTK,21.75,3.079613757534693,0.18830953633377234
2013,23,220.64791870117188,213.89938354492188,216.65745849609374,2013-06-09,MTK,26.25,3.2676659890376327,0.37636176783671216
2013,24,215.072998046875,206.5640106201172,210.3050308227539,2013-06-16,MTK,20.25,3.0081547935525483,0.08348663992357785
2013,25,208.617919921875,181.33033752441406,198.17235107421874,2013-06-23,MTK,20.25,3.0081547935525483,0.04775715793250512
2013,26,204.51010131835938,184.2644805908203,195.23818969726562,2013-06-30,MTK,19.5,2.970414465569701,-0.024479605793818138
2013,27,204.80352783203125,193.65374755859375,199.698095703125,2013-07-07,MTK,19.88,2.989714201228428,4.2957166730328566e-4
2013,28,211.25865173339844,205.39035034179688,208.0897674560547,2013-07-14,MTK,18.46,2.9156062290747062,-0.08332826831578188
2013,29,210.38595581054688,194.1329345703125,201.476904296875,2013-07-21,MTK,21.3,3.0587070727153796,0.05977257532489144
2013,3,185.73153686523438,180.15667724609375,182.3279266357422,2013-01-20,MTK,24.49,3.1982648709640764,0.4664981432445505
2013,30,217.30856323242188,206.7742156982422,212.37245178222656,2013-07-28,MTK,16.33,2.7930039069823738,-0.21515088657017456
2013,31,218.512451171875,213.9977569580078,216.58619079589843,2013-08-04,MTK,24.42,3.1954024686825586,0.1964679712920705
2013,32,213.0947723388672,210.68695068359375,211.71029052734374,2013-08-11,MTK,24.42,3.1954024686825586,0.1964679712920705
2013,33,225.7360076904297,216.7065887451172,219.59600219726562,2013-08-18,MTK,19.24,2.9569914452375605,-0.041943052152927596
2013,34,222.72621154785156,220.9203338623047,221.5975227355957,2013-08-25,MTK,19.24,2.9569914452375605,-0.02307288816150388
2013,35,221.22129821777344,215.5026397705078,219.35521545410157,2013-09-01,MTK,23.45,3.1548704948922883,0.18151767165929433
2013,36,222.72621154785156,218.8134307861328,220.98050842285156,2013-09-08,MTK,20.1,3.0007198150650303,-0.007129443911439548
2013,37,225.1340789794922,222.12420654296875,223.14757690429687,2013-09-15,MTK,15.41,2.7350166493320245,-0.2946967945581802
2013,38,223.93008422851562,222.72621154785156,223.32816569010416,2013-09-22,MTK,18.76,2.9317269435780786,-0.04712868657321678
2013,39,223.93008422851562,220.017333984375,222.6057922363281,2013-09-29,MTK,24.12,3.1830413718589847,0.20418574170768933
2013,4,190.71958923339844,186.31838989257812,188.0201873779297,2013-01-27,MTK,40.29,3.696103299203256,0.8872612315701005
2013,40,228.44485473632812,220.017333984375,224.17089233398437,2013-10-06,MTK,16.9,2.8273136219290276,-0.15154200822226782
2013,41,231.45468139648438,227.8428497314453,230.17549514770508,2013-10-13,MTK,19.5,2.970414465569701,0.013423020332140378
2013,42,237.77523803710938,234.46446228027344,236.4509246826172,2013-10-20,MTK,18.2,2.9014215940827497,-0.0622813613208808
2013,43,238.3772735595703,233.86251831054688,236.0897705078125,2013-10-27,MTK,11.7,2.4595888418037104,-0.49148186277017913
2013,44,260.348876953125,237.77523803710938,244.27644958496094,2013-11-03,MTK,31.28,3.4429789156771102,0.5264046468466961
2013,45,260.0478820800781,256.43609619140625,258.302197265625,2013-11-10,MTK,32.2,3.4719664525503626,0.5553921837199485
2013,46,249.8145294189453,247.1056671142578,248.30960693359376,2013-11-17,MTK,33.12,3.500137329517059,0.5490666249431695
2013,47,259.7468566894531,249.8145294189453,254.93119201660156,2013-11-24,MTK,31.28,3.4429789156771102,0.3662509969627674
2013,48,262.45574951171875,257.9410095214844,260.16826782226565,2013-12-01,MTK,21.75,3.079613757534693,-0.12708293308871266
2013,49,261.853759765625,257.64007568359375,259.8071044921875,2013-12-08,MTK,21.75,3.079613757534693,-0.18168257907120866
2013,5,190.71958923339844,189.54592895507812,190.426171875,2013-02-03,MTK,21.35,3.0610517396746335,0.1265162902276762
2013,50,258.8439636230469,251.0184783935547,254.57003173828124,2013-12-15,MTK,21,3.044522437723423,-0.21677389888247856
2013,51,260.348876953125,251.62042236328125,256.9778656005859,2013-12-22,MTK,24.75,3.2088254890146994,-0.05247084759120213
2013,52,267.5723876953125,257.33905029296875,260.83043212890624,2013-12-29,MTK,24,3.1780538303479458,-0.14784837199795886
2013,6,191.30642700195312,190.71958923339844,191.01300811767578,2013-02-10,MTK,12.2,2.501435951739211,-0.5206666637716713
2013,7,190.71958923339844,190.71958923339844,190.71958923339844,2013-02-17,MTK,12.81,2.550226115908643,-0.4718764996022391
2013,8,197.4681396484375,190.13278198242188,192.42140197753906,2013-02-24,MTK,14.03,2.6411978941143697,-0.38090472139651244
2013,9,200.4022979736328,193.65374755859375,197.10137176513672,2013-03-03,MTK,10.88,2.3869262414277967,-0.6351763740830854
2018,52,168.53042602539062,161.55422973632812,164.56500244140625,2018-12-30,MTK,10.2,2.3223877202902252,-0.8710519393910974
2019,1,164.1243896484375,159.35121154785156,161.55421447753906,2019-01-06,MTK,10.88,2.3869262414277967,-0.7419075525135224
2019,10,205.6144561767578,196.43524169921875,200.40066528320312,2019-03-10,MTK,15,2.70805020110221,0.2990332610215556
2019,11,204.14578247070312,198.6382598876953,201.20843811035155,2019-03-17,MTK,10.8,2.379546134130174,-0.02947080595048046
2019,12,208.55181884765625,201.57559204101562,203.85205078125,2019-03-24,MTK,13.5,2.6026896854443837,0.2909685700566138
2019,13,209.6533203125,203.04428100585938,206.3488037109375,2019-03-31,MTK,14.1,2.6461747973841225,0.3344536819963526
2019,14,216.26235961914062,213.3249969482422,214.30411783854166,2019-04-07,MTK,13.92,2.6333266549062735,0.14220874511899462
2019,15,220.30123901367188,214.05934143066406,217.51073303222657,2019-04-14,MTK,9.57,2.258633205464863,-0.3440564799795207
2019,16,220.30123901367188,211.85633850097656,214.20621643066406,2019-04-21,MTK,12.47,2.523325759691945,-0.07936392575243856
2019,17,212.95782470703125,211.1219940185547,212.22349853515624,2019-04-28,MTK,13.34,2.590767040487478,-0.01192264495690587
2019,18,226.91024780273438,216.99668884277344,221.86167907714844,2019-05-05,MTK,9.57,2.258633205464863,-0.3380951575010678
2019,19,228.37890625,210.38763427734375,221.1824157714844,2019-05-12,MTK,9.57,2.258633205464863,-0.2984131946248483
2019,2,169.99908447265625,163.0229034423828,166.40084838867188,2019-01-13,MTK,16.96,2.830857630363757,-0.24875612717093576
2019,20,213.69216918945312,211.48916625976562,212.66409912109376,2019-05-19,MTK,12.76,2.546315277916644,-0.010731122173067487
2019,21,214.42652893066406,206.3488006591797,211.19542541503907,2019-05-26,MTK,11.6,2.451005098112319,-0.08381542069197545
2019,22,230.5819549560547,205.9816131591797,217.73102416992188,2019-06-02,MTK,11.78,2.4664031782234406,-0.02076225067869153
2019,23,232.05059814453125,225.44155883789062,228.9296646118164,2019-06-09,MTK,13.64,2.613006652415316,0.15430251424743613
2019,24,227.27743530273438,220.6683807373047,225.3681396484375,2019-06-16,MTK,10.54,2.355177543113216,-0.13968692584447684
2019,25,231.68344116210938,226.54310607910156,228.5258026123047,2019-06-23,MTK,15.81,2.7606426512213806,0.30193851305350083
2019,26,230.5819549560547,228.01177978515625,229.55387268066406,2019-06-30,MTK,11.78,2.4664031782234406,0.0076990400555607685
2019,27,237.2333526611328,233.15211486816406,234.92300415039062,2019-07-07,MTK,10.5,2.3513752571634776,-0.11502792105996296
2019,28,243.65525817871094,236.85557556152344,239.72655334472657,2019-07-14,MTK,13.5,2.6026896854443837,0.13628650722094315
2019,29,237.2333526611328,228.16709899902344,232.54912414550782,2019-07-21,MTK,11.7,2.4595888418037104,-0.0068143364197301715
2019,3,179.54547119140625,171.10061645507812,175.58006591796874,2019-01-20,MTK,13.12,2.574137783515943,-0.4879303141131146
2019,30,241.0109405517578,232.7001953125,236.93112487792968,2019-07-28,MTK,12,2.4849066497880004,0.01850347156455978
2019,31,245.92184448242188,235.72225952148438,239.04658203125,2019-08-04,MTK,8.4,2.128231705849268,-0.34742320815645256
2019,32,244.0330352783203,233.4557342529297,239.21657943725586,2019-08-11,MTK,7.2,1.9740810260220096,-0.48891498399156563
2019,33,266.6986083984375,239.12213134765625,246.14846496582032,2019-08-18,MTK,16.8,2.8213788864092133,0.35838287639563804
2019,34,265.1875915527344,258.7656555175781,261.18333129882814,2019-08-25,MTK,13.5,2.6026896854443837,0.13969367543080846
2019,35,279.9201965332031,261.0321960449219,274.25380859375,2019-09-01,MTK,14.88,2.700018029404946,0.22777028360909046
2019,36,282.9422912597656,275.0093688964844,277.84254455566406,2019-09-08,MTK,14.88,2.700018029404946,0.15621986178875424
2019,37,288.60870361328125,282.9422912597656,285.11441802978516,2019-09-15,MTK,10.85,2.3841650799864684,-0.1596330876297234
2019,38,293.1418151855469,287.47540283203125,290.11973876953124,2019-09-22,MTK,14.57,2.6789646202071133,0.13516645259092153
2019,39,292.38629150390625,278.7869567871094,285.5866165161133,2019-09-29,MTK,17.05,2.8361502037295256,0.19532305090377733
2019,4,182.48281860351562,176.97531127929688,179.76578369140626,2019-01-27,MTK,13.44,2.5982353350950036,-0.3394546989485865
2019,40,291.2530517578125,281.0534973144531,286.7198974609375,2019-10-06,MTK,15.17,2.719319793360441,0.029828468554411458
2019,41,290.49749755859375,279.9201965332031,283.82373046875,2019-10-13,MTK,19.98,2.9947317732204075,0.29471374381546145
2019,42,280.2979736328125,271.9872741699219,277.57811279296874,2019-10-20,MTK,20.35,3.013080911888604,0.3130628824836581
2019,43,292.38629150390625,280.6757507324219,285.73772583007815,2019-10-27,MTK,15.91,2.7669478423496954,0.05727893096700187
2019,44,311.2743225097656,296.91943359375,304.399072265625,2019-11-03,MTK,14.8,2.6946271807700692,-0.04850663708499914
2019,45,327.895751953125,304.8524169921875,317.5451354980469,2019-11-10,MTK,19.24,2.9569914452375605,0.21385762738249214
2019,46,318.8294982910156,308.2522277832031,312.7853515625,2019-11-17,MTK,15.91,2.7669478423496954,-0.034601180689915356
2019,47,318.073974609375,307.4967041015625,313.0875549316406,2019-11-24,MTK,24.05,3.1801349965517702,0.3785859735121595
2019,48,326.0069580078125,314.67413330078125,319.1317077636719,2019-12-01,MTK,12.04,2.488234439880675,-0.3737352039129531
2019,49,322.2293395996094,313.5408935546875,317.9228881835937,2019-12-08,MTK,12.04,2.488234439880675,-0.3737352039129531
2019,5,180.2798309326172,178.44398498535156,179.36190795898438,2019-02-03,MTK,0,-Inf,-Inf
2019,50,333.93988037109375,321.0960693359375,325.78029174804686,2019-12-15,MTK,13.16,2.5771819258971713,-0.18976591645252405
2019,51,347.91705322265625,336.9620056152344,342.47730712890626,2019-12-22,MTK,8.96,2.192770226986839,-0.5380172845730433
2019,52,341.4951171875,336.20648193359375,338.3219360351562,2019-12-29,MTK,16.24,2.787477334733532,0.1515727813999117
2019,6,190.560546875,190.560546875,190.560546875,2019-02-10,MTK,7.59,2.0268315914075385,-0.559354967897935
2019,7,190.19337463378906,185.05303955078125,187.62320251464843,2019-02-17,MTK,9.43,2.2438960966453663,-0.23663591582650367
2019,8,207.45030212402344,183.5843505859375,192.5432586669922,2019-02-24,MTK,7.59,2.0268315914075385,-0.32782538945147266
2019,9,205.6144561767578,203.04428100585938,204.02340189615884,2019-03-03,MTK,13.5,2.6026896854443837,0.28727851640780244
2020,1,333.5621643066406,320.3405456542969,326.00695037841797,2020-01-05,MTK,7.92,2.0693912058263346,-0.6026736782970987
2020,10,290.875244140625,276.89813232421875,283.1689514160156,2020-03-08,MTK,9.45,2.2460147415056513,0.05033576045426802
2020,11,274.2538146972656,238.36660766601562,253.1748077392578,2020-03-15,MTK,7.56,2.0228711901914416,-0.17016926230951945
2020,12,249.32167053222656,207.0125274658203,228.84705810546876,2020-03-22,MTK,9.72,2.2741856184723477,0.14904593655091736
2020,13,259.5212097167969,247.43287658691406,254.15699768066406,2020-03-29,MTK,6.48,1.8687205103641833,-0.32431994213677773
2020,14,262.16552734375,252.34375,257.3805440266927,2020-04-05,MTK,8.06,2.086913556518537,-0.09120041440758353
2020,15,276.14263916015625,264.0542907714844,267.1519409179688,2020-04-12,MTK,12.22,2.503073953743449,0.32495998281732863
2020,16,279.5424499511719,267.07635498046875,274.7826782226563,2020-04-19,MTK,8.58,2.149433913499871,-0.028680057426249572
2020,17,283.3200378417969,261.40997314453125,270.8539733886719,2020-04-26,MTK,10.66,2.3664984187376983,0.16877409123493736
2020,18,313.5408935546875,300.697021484375,304.8523864746094,2020-05-03,MTK,9.3,2.2300144001592104,0.03229007265644945
2020,19,310.89654541015625,307.4967041015625,309.38551025390626,2020-05-10,MTK,10.5,2.3513752571634776,0.16165110033393715
2020,2,330.16229248046875,314.29638671875,322.98486328125,2020-01-12,MTK,10.8,2.379546134130174,-0.15316204875874906
2020,20,349.0503234863281,310.518798828125,324.0426025390625,2020-05-17,MTK,13.2,2.580216829592325,0.3281168202765463
2020,21,355.094482421875,333.93988037109375,347.0104064941406,2020-05-24,MTK,15.6,2.747270914255491,0.456576085594147
2020,22,366.4272766113281,347.5392761230469,352.67681274414065,2020-05-31,MTK,11.4,2.4336133554004498,0.07467651744986181
2020,23,375.87127685546875,370.20489501953125,372.6225524902344,2020-06-07,MTK,10.44,2.3456445824544927,-0.054411304614581546
2020,24,385.31524658203125,372.09368896484375,376.47569580078124,2020-06-14,MTK,8.7,2.163323025660538,-0.19561381229005015
2020,25,435.17962646484375,385.31524658203125,410.85186157226565,2020-06-21,MTK,10.44,2.3456445824544927,-0.013292255496095251
2020,26,438.20166015625,426.868896484375,434.17225138346356,2020-06-28,MTK,18.27,2.9052603703899154,0.55675045058093
2020,27,475.44580078125,433.6685485839844,448.0328063964844,2020-07-05,MTK,18.72,2.929592471049446,0.5370981647674826
2020,28,508.5270080566406,470.0604553222656,487.4473510742188,2020-07-12,MTK,23.4,3.152736022363656,0.6458209298672681
2020,29,490.0630798339844,460.82855224609375,469.7527587890625,2020-07-19,MTK,19.11,2.950211758252182,0.35976962342421137
2020,3,318.073974609375,314.29638671875,316.6573944091797,2020-01-19,MTK,11.52,2.444084655267745,-0.04414978461292973
2020,30,560.072021484375,510.8349914550781,526.8370300292969,2020-07-26,MTK,25.74,3.2480462021679806,0.578609339272798
2020,31,563.14935302734375,524.682861328125,537.6076416015625,2020-08-02,MTK,20.28,3.0096351787229825,0.09220875800330175
2020,32,563.14935302734375,533.1455078125,548.685986328125,2020-08-09,MTK,19.11,2.950211758252182,0.010309643601367657
2020,33,526.99090576171875,474.6764831542969,514.8355041503906,2020-08-16,MTK,25.74,3.2480462021679806,0.2978344439157987
2020,34,468.5218200683594,434.67132568359375,454.2123046875,2020-08-23,MTK,17.55,2.865053949911875,-0.11486951857570737
2020,35,444.672607421875,427.7473449707031,437.28704223632815,2020-08-30,MTK,17.16,2.8425810940598164,-0.13734237442776598
2020,36,464.6752014160156,458.5205383300781,462.21331787109375,2020-09-06,MTK,14.26,2.65745841498615,-0.3224650535014324
2020,37,470.0604553222656,457.751220703125,462.98265380859374,2020-09-13,MTK,8.06,2.086913556518537,-0.8632982017336448
2020,38,474.6764831542969,460.82855224609375,468.6757019042969,2020-09-20,MTK,16.12,2.7800607370784824,-0.1275721170035462
2020,39,474.6764831542969,450.0579528808594,463.9058471679688,2020-09-27,MTK,8.06,2.086913556518537,-0.7669039654673089
2020,40,473.1378173828125,466.983154296875,470.0604756673177,2020-10-04,MTK,8.58,2.149433913499871,-0.6618870020692786
2020,41,549.30145263671875,497.75628662109375,525.0675506591797,2020-10-11,MTK,8.06,2.086913556518537,-0.6318460195137794
2020,42,536.222900390625,523.144287109375,530.3759399414063,2020-10-18,MTK,11.96,2.481567748522486,0.07812158427947535
2020,43,531.60687255859375,518.52825927734375,525.606103515625,2020-10-25,MTK,9.1,2.2082744135228043,-0.10722641748837392
2020,44,526.2215576171875,502.3722839355469,517.1434631347656,2020-11-01,MTK,12.16,2.498151876538021,0.3192977130266832
2020,45,540.06951904296875,520.83624267578125,532.5300659179687,2020-11-08,MTK,14.08,2.644755350729896,0.46590118721855855
2020,46,535.45355224609375,517.7589111328125,525.2983642578125,2020-11-15,MTK,17.28,2.8495497633759097,0.5046286823532649
2020,47,574.68939208984375,560.072021484375,568.2269775390625,2020-11-22,MTK,10.56,2.3570732782781154,0.012152197255470565
2020,48,561.61077880859375,536.222900390625,550.84013671875,2020-11-29,MTK,15.04,2.7107133185216936,0.29139280512139276
2020,49,561.61077880859375,538.53082275390625,546.37802734375,2020-12-06,MTK,11.52,2.444084655267745,-0.04577515726250825
2020,5,295.0306396484375,288.60870361328125,291.6307830810547,2020-02-02,MTK,8.5,2.1400661634962708,-0.2717492312026888
2020,50,564.68804931640625,539.3001708984375,546.6857543945313,2020-12-13,MTK,13.12,2.574137783515943,0.08427797098568979
2020,51,544.68548583984375,537.76153564453125,540.8388427734375,2020-12-20,MTK,14.4,2.667228206581955,0.13108337655497282
2020,52,569.30401611328125,549.30145263671875,557.45634765625,2020-12-27,MTK,14.72,2.6892071133007303,0.07976054617781081
2020,6,294.65289306640625,287.09765625,289.21312255859374,2020-02-09,MTK,8.25,2.1102132003465894,-0.17594498021191685
2020,7,308.6299743652344,296.1639099121094,303.03912963867185,2020-02-16,MTK,9.5,2.2512917986064953,0.08487360336494065
2020,8,297.6749572753906,284.83111572265625,291.0263732910156,2020-02-23,MTK,8.25,2.1102132003465894,-0.08546578070479383
2020,9,283.3200378417969,271.9872741699219,277.6536560058594,2020-03-01,MTK,9.99,2.301584592660462,0.1764449107390318
2021,1,614.69451904296875,609.30914306640625,611.6171722412109,2021-01-03,MTK,23.37,3.1514531485507664,0.4954613698948407
2021,10,683.164794921875,664.700927734375,674.08671875,2021-03-07,MTK,13.44,2.5982353350950036,-0.32238075523230547
2021,11,707.0140380859375,691.62750244140625,697.935986328125,2021-03-14,MTK,18.88,2.9381031607173544,0.19278501932122039
2021,12,730.09393310546875,669.31689453125,689.1656127929688,2021-03-21,MTK,14.4,2.667228206581955,-0.07808993481417925
2021,13,747.0191650390625,723.9393310546875,736.248583984375,2021-03-28,MTK,13.76,2.6217658325051976,-0.0263517676666587
2021,14,784.71636962890625,767.79107666015625,776.25372314453125,2021-04-04,MTK,17.5,2.8622008809294686,0.23681446779599113
2021,15,768.5604248046875,738.55657958984375,749.32720947265625,2021-04-11,MTK,17.15,2.8419981736119486,0.19750115406837265
2021,16,767.79107666015625,740.86456298828125,755.1741088867187,2021-04-18,MTK,23.8,3.169685580677429,0.4150723905804776
2021,17,911.65576171875,796.25628662109375,836.2614379882813,2021-04-25,MTK,10.85,2.3841650799864684,-0.37044811011048306
2021,18,850.10943603515625,773.17645263671875,817.41290283203125,2021-05-02,MTK,18.15,2.8986705607108596,0.1440573706139081
2021,19,815.48956298828125,671.6248779296875,724.8625122070313,2021-05-09,MTK,14.52,2.67552700939665,-0.17657251787405892
2021,2,680.0875244140625,644.69830322265625,658.5462646484375,2021-01-10,MTK,27.06,3.2980566227426418,0.6198389628012992
2021,20,764.71380615234375,688.5501708984375,719.4772094726562,2021-05-16,MTK,12.87,2.554899021608035,-0.20386356989626409
2021,21,734.7099609375,719.3233642578125,728.70916748046875,2021-05-23,MTK,17.49,2.8616292890305104,0.10286669752621114
2021,22,765.48309326171875,737.7872314453125,749.7887939453125,2021-05-30,MTK,7.92,2.0693912058263346,-0.7824225254948947
2021,23,767.79107666015625,743.17254638671875,751.01971435546875,2021-06-06,MTK,10.36,2.337952236831337,-0.42081035467296246
2021,24,760.8671875,752.404541015625,756.2511901855469,2021-06-13,MTK,12.04,2.488234439880675,-0.12697857562166748
2021,25,742.40325927734375,694.70477294921875,716.3998901367188,2021-06-20,MTK,11.48,2.4406063908914204,-0.08096033985293438
2021,26,740.09521484375,713.168701171875,725.32412109375,2021-06-27,MTK,13.44,2.5982353350950036,0.07666860435064882
2021,27,737.84912109375,733.8477783203125,736.0885375976562,2021-07-04,MTK,10.54,2.355177543113216,-0.16638918763113875
2021,28,761.05694580078125,735.4483642578125,746.0118896484375,2021-07-11,MTK,10.54,2.355177543113216,-0.1092428722728318
2021,29,765.85858154296875,729.846435546875,740.570068359375,2021-07-18,MTK,12.71,2.542389085201363,0.14449711819904465
2021,3,718.55401611328125,649.3143310546875,673.7790161132813,2021-01-17,MTK,23.37,3.1514531485507664,0.4732354886094239
2021,30,750.65350341796875,712.240478515625,738.96953125,2021-07-25,MTK,13.95,2.6354795082673745,0.23758754126505632
2021,31,769.0596923828125,728.24591064453125,751.133642578125,2021-08-01,MTK,12.21,2.502255288122613,0.037834872736565384
2021,32,749.052978515625,723.44427490234375,735.12822265625,2021-08-08,MTK,18.5,2.917770732084279,0.4225258680826349
2021,33,729.846435546875,710.63995361328125,722.1638427734375,2021-08-15,MTK,24.42,3.1954024686825586,0.6730802820205706
2021,34,729.04620361328125,698.6358642578125,718.9627685546875,2021-08-22,MTK,19.98,2.9947317732204075,0.4244195630722243
2021,35,746.65216064453125,717.0421142578125,731.28692626953125,2021-08-29,MTK,14.06,2.643333886382519,0.05439958964815039
2021,36,735.4483642578125,717.0421142578125,725.2048706054687,2021-09-05,MTK,14.43,2.6693093727857793,0.029902675460832473
2021,37,757.85589599609375,740.24993896484375,747.452392578125,2021-09-12,MTK,23.68,3.164630810015805,0.5083091804316555
2021,38,752.2540283203125,729.04620361328125,737.8491617838541,2021-09-19,MTK,13.69,2.6166656393003573,-0.17687441313467156
2021,39,767.4591064453125,724.24456787109375,744.8915161132812,2021-09-26,MTK,26.64,3.2824138456721883,0.4888737932371594
2021,4,705.475341796875,668.547607421875,686.8576416015625,2021-01-24,MTK,20.5,3.0204248861443626,0.3204646702331506
2021,40,729.04620361328125,693.83428955078125,708.3992065429687,2021-10-03,MTK,24.08,3.1813816204406202,0.22513036778827678
2021,41,728.24591064453125,672.22698974609375,700.036376953125,2021-10-10,MTK,23.22,3.1450139762697455,0.0653326846516391
2021,42,730.646728515625,685.83160400390625,709.9997436523438,2021-10-17,MTK,26.66,3.2831643147505627,0.21329144000548617
2021,43,757.05560302734375,741.0501708984375,750.3333618164063,2021-10-24,MTK,24.08,3.1813816204406202,0.026559227297844767
2021,44,745.85186767578125,730.646728515625,739.9298217773437,2021-10-31,MTK,17.63,2.869601996409779,-0.3034042188184336
2021,45,784.26483154296875,752.2540283203125,769.8599609375,2021-11-07,MTK,18.9,2.9391619220655967,-0.2338442931626159
2021,46,868.29315185546875,786.6656494140625,825.5587524414062,2021-11-14,MTK,29.82,3.3951793093365925,0.2319815109814094
2021,47,872.29449462890625,828.2796630859375,848.2864135742187,2021-11-21,MTK,26.04,3.2596338173403683,0.07825219689974805
2021,48,864.29180908203125,804.27154541015625,830.68046875,2021-11-28,MTK,25.62,3.2433732964685884,0.06199167602796818
2021,49,876.2958984375,848.28643798828125,862.6912841796875,2021-12-05,MTK,18.02,2.8914822521801917,-0.32089520627441237
2021,5,730.86334228515625,673.16357421875,708.8604614257813,2021-01-31,MTK,19.68,2.9796028916241073,0.12478689190156089
2021,50,872.29449462890625,848.28643798828125,859.4901977539063,2021-12-12,MTK,13.6,2.6100697927420065,-0.6023076657125976
2021,51,876.2958984375,844.28509521484375,864.2918212890625,2021-12-19,MTK,18.02,2.8914822521801917,-0.16878951907291695
2021,52,952.321533203125,896.30267333984375,930.7142700195312,2021-12-26,MTK,16.66,2.8130106367386967,-0.10231145038419776
2021,6,730.86334228515625,730.86334228515625,730.86334228515625,2021-02-07,MTK,13.86,2.6290069937617573,-0.3710068951224774
2021,7,753.94317626953125,752.404541015625,753.1738586425781,2021-02-14,MTK,10.23,2.325324579963535,-0.6746893089206996
2021,8,742.40325927734375,723.16998291015625,733.0174194335938,2021-02-21,MTK,17.49,2.8616292890305104,-0.1383845998537243
2021,9,715.4766845703125,689.3194580078125,696.8204650878906,2021-02-28,MTK,8.91,2.187174241482718,-0.8128396474015167
2022,1,940.31756591796875,880.2972412109375,916.309423828125,2022-01-02,MTK,27.3,3.3068867021909143,0.39156461506801987
2022,10,796.26885986328125,770.66021728515625,777.7026000976563,2022-03-06,MTK,30.08,3.403860499081639,0.23747296889691683
2022,11,775.46185302734375,723.44427490234375,750.973583984375,2022-03-13,MTK,29.61,3.3881121421135,0.1699542724583578
2022,12,782.664306640625,777.0623779296875,779.9433715820312,2022-03-20,MTK,28.67,3.3558512798952784,0.0730875445001331
2022,13,771.46051025390625,720.24322509765625,735.6083984375,2022-03-27,MTK,28.67,3.3558512798952784,0.016848552786787874
2022,14,705.83831787109375,672.22698974609375,686.09832763671875,2022-04-03,MTK,20.09,3.000222178826843,-0.35562910106843537
2022,15,704.23779296875,665.8248291015625,680.3897583007813,2022-04-10,MTK,26.24,3.267284964075888,-0.08856631581939034
2022,16,694.63458251953125,666.6251220703125,680.0696533203125,2022-04-17,MTK,22.96,3.133753571451366,-0.20524915565712476
2022,17,669.826171875,646.61834716796875,661.9835327148437,2022-04-24,MTK,23.37,3.1514531485507664,-0.16011497343481684
2022,18,673.02728271484375,656.2215576171875,665.0245513916016,2022-05-01,MTK,13.94,2.6347624053323777,-0.6768057166532055
2022,19,674.62774658203125,650.61968994140625,660.2229125976562,2022-05-08,MTK,17,2.833213344056216,-0.37615571225711086
2022,2,880.2972412109375,852.28778076171875,868.2931762695313,2022-01-09,MTK,23.1,3.139832617527748,0.07240484320335794
2022,20,684.2310791015625,660.22296142578125,674.1476318359375,2022-05-15,MTK,16.32,2.792391349535961,-0.3502120104651052
2022,21,681.0299072265625,664.22430419921875,672.2269653320312,2022-05-22,MTK,18.36,2.9101743851923443,-0.15681348994676014
2022,22,724.24456787109375,702.63720703125,717.4422454833984,2022-05-29,MTK,16.32,2.792391349535961,-0.16280693247363276
2022,23,744.25128173828125,712.240478515625,732.887451171875,2022-06-05,MTK,21.6,3.0726933146901194,0.2009994500658392
2022,24,709.83966064453125,665.0245361328125,697.03533935546875,2022-06-12,MTK,45,3.8066624897703196,0.9349686251460394
2022,25,694.63458251953125,589.5078125,641.68251953125,2022-06-19,MTK,27.9,3.32862668882732,0.4569328242030397
2022,26,596.54669189453125,538.47576904296875,572.4384643554688,2022-06-26,MTK,22.5,3.1135153092103742,0.241821444586094
2022,27,572.7904052734375,532.3167724609375,548.68218994140625,2022-07-03,MTK,15.98,2.7713379403381286,-0.2200959096031032
2022,28,570.15081787109375,540.2354736328125,559.41650390625,2022-07-10,MTK,13.26,2.5847519847577165,-0.40668186518351535
2022,29,629.98150634765625,581.58905029296875,600.946044921875,2022-07-17,MTK,13.94,2.6347624053323777,-0.35667144460885414
2022,3,892.30126953125,856.28912353515625,877.096142578125,2022-01-16,MTK,21.84,3.083743150876704,0.06808571602273439
2022,30,605.3453369140625,595.6668701171875,600.242138671875,2022-07-24,MTK,20.4,3.0155349008501706,0.08299256873713068
2022,31,630.861328125,600.946044921875,609.56866455078125,2022-07-31,MTK,19.04,2.9465420293632194,-0.09757207840692583
2022,32,623.82244873046875,587.74810791015625,602.70574951171875,2022-08-07,MTK,15.98,2.7713379403381286,-0.2097005247685666
2022,33,621.182861328125,609.74462890625,617.6634155273438,2022-08-14,MTK,13.94,2.6347624053323777,-0.22417757951829653
2022,34,596.54669189453125,586.86822509765625,592.6753173828125,2022-08-21,MTK,16.66,2.8130106367386967,0.04167269640056803
2022,35,586.86822509765625,545.51470947265625,571.03070068359375,2022-08-28,MTK,13.94,2.6347624053323777,-0.13657553500575093
2022,36,555.19317626953125,544.6348876953125,550.3539581298828,2022-09-04,MTK,13.95,2.6354795082673745,-0.06757066456787841
2022,37,551.67376708984375,527.91741943359375,542.69915771484375,2022-09-11,MTK,13.95,2.6354795082673745,-0.06792921603537705
2022,38,532.3167724609375,510.3202209472656,525.2778747558593,2022-09-18,MTK,10.54,2.355177543113216,-0.34823118118953555
2022,39,500.6417541503906,477.7652893066406,488.49962158203124,2022-09-25,MTK,12.09,2.492378664626701,-0.14310084364067333
2022,4,872.29449462890625,860.29046630859375,866.9593709309896,2022-01-23,MTK,25.62,3.2433732964685884,0.25576059494014025
2022,40,527.03759765625,482.16461181640625,505.56895141601564,2022-10-02,MTK,11.02,2.3997118037247684,-0.2354091530751079
2022,41,514.71954345703125,478.6451416015625,490.74327087402344,2022-10-09,MTK,10.73,2.373043556642607,-0.2617188486897706
2022,42,517.359130859375,498.8819885253906,506.8007568359375,2022-10-16,MTK,9.57,2.258633205464863,-0.3049373295146762
2022,43,518.23895263671875,495.3625183105469,507.504638671875,2022-10-23,MTK,14.79,2.6939512767227085,0.2479060425469739
2022,44,527.91741943359375,519.11883544921875,525.2778564453125,2022-10-30,MTK,11.02,2.3997118037247684,-0.04633343045096616
2022,45,615.9036865234375,545.51470947265625,571.9105712890625,2022-11-06,MTK,10.85,2.3841650799864684,-0.015546723738300017
2022,46,641.419677734375,613.26416015625,632.6210815429688,2022-11-13,MTK,15.81,2.7606426512213806,0.3687042093657622
2022,47,640.539794921875,620.30303955078125,632.2691284179688,2022-11-20,MTK,11.47,2.4397349311412793,0.04002312741651082
2022,48,651.97808837890625,618.54327392578125,638.604150390625,2022-11-27,MTK,11.78,2.4664031782234406,0.06669137449867213
2022,49,650.21832275390625,620.30303955078125,635.96455078125,2022-12-04,MTK,10.4,2.341805806147327,-0.07791756128569682
2022,50,631.7412109375,580.709228515625,612.3842407226563,2022-12-11,MTK,7.02,1.9487632180377197,-0.4709601493953042
2022,51,581.58905029296875,568.39111328125,576.6618286132813,2022-12-18,MTK,10.4,2.341805806147327,-0.07791756128569682
2022,52,577.18975830078125,549.91400146484375,562.93597412109375,2022-12-25,MTK,8.84,2.179286876649552,-0.21265156520606654
2022,6,928.3134765625,876.2958984375,901.9045288085938,2022-02-06,MTK,16.8,2.8213788864092133,-0.16623381511923485
2022,7,904.3052978515625,880.2972412109375,893.9018188476563,2022-02-13,MTK,30.66,3.422958873443668,0.43534617191521985
2022,8,904.3052978515625,848.28643798828125,881.0974975585938,2022-02-20,MTK,27.72,3.3221541743217022,0.2103662901194765
2022,9,880.2972412109375,820.2769775390625,857.2894592285156,2022-02-27,MTK,24.36,3.192942442841696,0.0013394858435278323
2023,1,580.709228515625,555.19317626953125,565.5315704345703,2023-01-01,MTK,9.45,2.2460147415056513,-0.11697070156124667
2023,10,693.33160400390625,665.17596435546875,679.781689453125,2023-03-05,MTK,10.85,2.3841650799864684,-0.05644131090495197
2023,11,680.13360595703125,665.17596435546875,670.8070922851563,2023-03-12,MTK,15.19,2.7206373166076814,0.30825158116873697
2023,12,697.73089599609375,677.4940185546875,687.1725341796875,2023-03-19,MTK,10.54,2.355177543113216,-0.08542884777820436
2023,13,692.45172119140625,673.974609375,683.4771240234375,2023-03-26,MTK,10.85,2.3841650799864684,-0.05644131090495197
2023,14,662.536376953125,659.0169677734375,660.77667236328125,2023-04-02,MTK,8.5,2.1400661634962708,-0.27231957194267364
2023,15,666.93572998046875,652.85791015625,660.6006958007813,2023-04-09,MTK,7.25,1.9810014688665833,-0.4031636111198851
2023,16,623.82244873046875,585.1085205078125,600.066162109375,2023-04-16,MTK,7.75,2.0476928433652555,-0.32197846818458675
2023,17,594.7869873046875,571.03070068359375,581.0611328125,2023-04-23,MTK,11,2.3978952727983707,0.07911530840349945
2023,18,598.30645751953125,587.74810791015625,592.58734130859375,2023-04-30,MTK,9,2.1972245773362196,-0.17244673421362267
2023,19,595.6668701171875,587.74810791015625,591.4435180664062,2023-05-07,MTK,9.24,2.2235418856535927,-0.052659174571125344
2023,2,629.10162353515625,593.9071044921875,613.26409912109375,2023-01-08,MTK,12.15,2.4973291697865574,0.15552336363923036
2023,20,614.14398193359375,598.30645751953125,603.93756103515625,2023-05-14,MTK,8.68,2.1610215286722587,-0.0493617028226474
2023,21,642.299560546875,620.30303955078125,628.22177734375,2023-05-21,MTK,12.32,2.511223958105374,0.332100905101135
2023,22,671.33502197265625,649.3385009765625,661.48056640625,2023-05-28,MTK,13.72,2.6188546222977394,0.43973156929350043
2023,23,675.73431396484375,666.05584716796875,671.5109741210938,2023-06-04,MTK,9.24,2.2235418856535927,0.013158654158686556
2023,24,686.292724609375,660.77667236328125,676.262255859375,2023-06-11,MTK,5.28,1.6639260977181702,-0.5596157879354224
2023,25,690.6920166015625,673.1630859375,679.655517578125,2023-06-18,MTK,3.3,1.1939224684724346,-1.0296194171811581
2023,26,678.03399658203125,663.42120361328125,671.2146850585938,2023-06-25,MTK,7.04,1.951608170169951,-0.2587750613249551
2023,27,681.93072509765625,664.3953857421875,674.137255859375,2023-07-02,MTK,11.25,2.4203681286504293,0.22808642148750335
2023,28,674.13726806640625,655.627685546875,665.564404296875,2023-07-09,MTK,6,1.791759469228055,-0.40052223793487096
2023,29,678.03399658203125,664.3953857421875,669.4611572265625,2023-07-16,MTK,9.75,2.277267285009756,0.1896922570979842
2023,3,619.42315673828125,609.74462890625,614.5838928222656,2023-01-15,MTK,10.53,2.354228326145884,0.012422519998557036
2023,30,657.5760498046875,638.09234619140625,645.1064819335937,2023-07-23,MTK,10.5,2.3513752571634776,0.2638002292517059
2023,31,694.59515380859375,672.18890380859375,686.3145904541016,2023-07-30,MTK,9,2.1972245773362196,0.10964954942444782
2023,32,687.77587890625,661.47283935546875,675.8907958984375,2023-08-06,MTK,12.48,2.5241273629412815,0.4497109891881963
2023,33,671.21466064453125,654.65350341796875,659.914111328125,2023-08-13,MTK,13.44,2.5982353350950036,0.36098940392201584
2023,34,676.08563232421875,651.73095703125,661.8625,2023-08-20,MTK,12.8,2.5494451709255714,0.23512389983895465
2023,35,691.672607421875,682.9049072265625,688.750048828125,2023-08-27,MTK,18.24,2.9036169846461855,0.517745291739232
2023,36,699.46612548828125,690.69842529296875,694.9848510742188,2023-09-03,MTK,9.3,2.2300144001592104,-0.2077369098931694
2023,37,743.30450439453125,695.5693359375,715.0530883789063,2023-09-10,MTK,13.2,2.580216829592325,0.14246551953994535
2023,38,761.8140869140625,726.74334716796875,741.5509887695313,2023-09-17,MTK,10.5,2.3513752571634776,-0.18541100976994906
2023,39,735.51104736328125,716.02728271484375,721.8724060058594,2023-09-24,MTK,12.3,2.509599262378372,-0.027187004555054628
2023,40,765.7108154296875,725.7691650390625,753.825732421875,2023-10-01,MTK,10.85,2.3841650799864684,-0.15262118694695825
2023,41,820.2652587890625,792.988037109375,802.4051717122396,2023-10-08,MTK,9.61,2.262804222982201,-0.2667179936697708
2023,42,818.31689453125,792.01385498046875,805.8473022460937,2023-10-15,MTK,17.67,2.871868286331605,0.42498611514918494
2023,43,800.78155517578125,780.3236083984375,794.351904296875,2023-10-22,MTK,13.33,2.5900171341906173,0.14313496300819706
2023,44,847.54248046875,820.2652587890625,834.48837890625,2023-10-29,MTK,14.57,2.6789646202071133,0.2320824490246931
2023,45,890.40673828125,859.23272705078125,871.5074951171875,2023-11-05,MTK,14.88,2.700018029404946,0.1551099834195977
2023,46,884.56158447265625,869.94879150390625,879.885498046875,2023-11-12,MTK,11.16,2.412335956953165,-0.13747224133132985
2023,47,920.60650634765625,888.45831298828125,906.9678955078125,2023-11-19,MTK,11.47,2.4397349311412793,-0.11007326714321541
2023,48,923.529052734375,906.9678955078125,918.26845703125,2023-11-26,MTK,15.19,2.7206373166076814,0.2057612839417331
2023,49,918.65814208984375,903.0711669921875,908.5265991210938,2023-12-03,MTK,13.8,2.624668592163159,-0.009822285035705924
2023,5,660.77667236328125,631.7412109375,647.40277099609375,2023-01-29,MTK,11.88,2.474856313934499,0.18094604010800985
2023,50,970.2900390625,914.76141357421875,934.634814453125,2023-12-10,MTK,11.7,2.4595888418037104,-0.19222776438142564
2023,51,966.393310546875,950.8062744140625,960.54815673828125,2023-12-17,MTK,14.4,2.667228206581955,0.05988534340506657
2023,52,1013.1542358398438,969.31585693359375,988.7995727539062,2023-12-24,MTK,11.1,2.4069451083182885,-0.23900329105426854
2023,6,659.0169677734375,630.861328125,647.7547119140625,2023-02-05,MTK,11.48,2.4406063908914204,0.14669611706493146
2023,7,644.05926513671875,624.70233154296875,634.73272705078125,2023-02-12,MTK,11.48,2.4406063908914204,0.09258932474481485
2023,8,655.49749755859375,627.3419189453125,639.1320434570313,2023-02-19,MTK,13.44,2.5982353350950036,0.2008179765763516
2023,9,695.97119140625,681.89337158203125,686.5859781901041,2023-02-26,MTK,9.8,2.2823823856765264,-0.158224005214894
